
/*!40101 SET @OLD_CHARACTER_SET_CLIENT=@@CHARACTER_SET_CLIENT */;
/*!40101 SET @OLD_CHARACTER_SET_RESULTS=@@CHARACTER_SET_RESULTS */;
/*!40101 SET @OLD_COLLATION_CONNECTION=@@COLLATION_CONNECTION */;
/*!50503 SET NAMES utf8mb4 */;
/*!40103 SET @OLD_TIME_ZONE=@@TIME_ZONE */;
/*!40103 SET TIME_ZONE='+00:00' */;
/*!40014 SET @OLD_UNIQUE_CHECKS=@@UNIQUE_CHECKS, UNIQUE_CHECKS=0 */;
/*!40014 SET @OLD_FOREIGN_KEY_CHECKS=@@FOREIGN_KEY_CHECKS, FOREIGN_KEY_CHECKS=0 */;
/*!40101 SET @OLD_SQL_MODE=@@SQL_MODE, SQL_MODE='NO_AUTO_VALUE_ON_ZERO' */;
/*!40111 SET @OLD_SQL_NOTES=@@SQL_NOTES, SQL_NOTES=0 */;

LOCK TABLES `ledger_category` WRITE;
/*!40000 ALTER TABLE `ledger_category` DISABLE KEYS */;
INSERT INTO `ledger_category` (`category_id`, `name`, `color`, `sort_order`, `created_at`, `updated_at`) VALUES (1,'식비','#FF6B6B',1,'2026-04-03 01:57:14','2026-04-03 01:57:14');
INSERT INTO `ledger_category` (`category_id`, `name`, `color`, `sort_order`, `created_at`, `updated_at`) VALUES (2,'교통','#4D96FF',2,'2026-04-03 01:57:14','2026-04-03 01:57:14');
INSERT INTO `ledger_category` (`category_id`, `name`, `color`, `sort_order`, `created_at`, `updated_at`) VALUES (3,'생활용품','#6BCB77',3,'2026-04-03 01:57:14','2026-04-03 01:57:14');
INSERT INTO `ledger_category` (`category_id`, `name`, `color`, `sort_order`, `created_at`, `updated_at`) VALUES (4,'주거·통신','#845EC2',4,'2026-04-03 01:57:14','2026-04-03 01:57:14');
INSERT INTO `ledger_category` (`category_id`, `name`, `color`, `sort_order`, `created_at`, `updated_at`) VALUES (5,'의료·건강','#FF9671',5,'2026-04-03 01:57:14','2026-04-03 01:57:14');
INSERT INTO `ledger_category` (`category_id`, `name`, `color`, `sort_order`, `created_at`, `updated_at`) VALUES (6,'급여','#008F7A',6,'2026-04-03 01:57:14','2026-04-03 01:57:14');
INSERT INTO `ledger_category` (`category_id`, `name`, `color`, `sort_order`, `created_at`, `updated_at`) VALUES (7,'부수입','#FFC75F',7,'2026-04-03 01:57:14','2026-04-03 01:57:14');
/*!40000 ALTER TABLE `ledger_category` ENABLE KEYS */;
UNLOCK TABLES;

LOCK TABLES `payment_method` WRITE;
/*!40000 ALTER TABLE `payment_method` DISABLE KEYS */;
INSERT INTO `payment_method` (`payment_method_id`, `name`, `color`, `method_type`, `created_at`, `updated_at`) VALUES (1,'현금','#6C757D','C','2026-04-03 01:57:14','2026-04-03 01:57:14');
INSERT INTO `payment_method` (`payment_method_id`, `name`, `color`, `method_type`, `created_at`, `updated_at`) VALUES (2,'신한 체크카드','#2D6A4F','D','2026-04-03 01:57:14','2026-04-03 01:57:14');
INSERT INTO `payment_method` (`payment_method_id`, `name`, `color`, `method_type`, `created_at`, `updated_at`) VALUES (3,'현대카드','#1D3557','R','2026-04-03 01:57:14','2026-04-03 01:57:14');
INSERT INTO `payment_method` (`payment_method_id`, `name`, `color`, `method_type`, `created_at`, `updated_at`) VALUES (4,'카카오뱅크 계좌이체','#F4B400','A','2026-04-03 01:57:14','2026-04-03 01:57:14');
INSERT INTO `payment_method` (`payment_method_id`, `name`, `color`, `method_type`, `created_at`, `updated_at`) VALUES (5,'기프티콘','#FF8A00','E','2026-04-03 01:57:14','2026-04-03 01:57:14');
/*!40000 ALTER TABLE `payment_method` ENABLE KEYS */;
UNLOCK TABLES;

LOCK TABLES `ledger_entry` WRITE;
/*!40000 ALTER TABLE `ledger_entry` DISABLE KEYS */;
INSERT INTO `ledger_entry` (`entry_id`, `entry_date`, `entry_type`, `amount`, `title`, `memo`, `category_id`, `payment_method_id`, `created_at`, `updated_at`) VALUES (1,'2026-03-01','I',2450000,'3월 급여','월급 입금',6,4,'2026-04-03 01:57:14','2026-04-16 02:04:12');
INSERT INTO `ledger_entry` (`entry_id`, `entry_date`, `entry_type`, `amount`, `title`, `memo`, `category_id`, `payment_method_id`, `created_at`, `updated_at`) VALUES (2,'2026-03-02','E',9800,'점심 김치찌개','회사 근처 식당',1,2,'2026-04-03 01:57:14','2026-04-03 01:57:14');
INSERT INTO `ledger_entry` (`entry_id`, `entry_date`, `entry_type`, `amount`, `title`, `memo`, `category_id`, `payment_method_id`, `created_at`, `updated_at`) VALUES (3,'2026-03-03','E',1450,'편의점 생수',NULL,3,1,'2026-04-03 01:57:14','2026-04-03 01:57:14');
INSERT INTO `ledger_entry` (`entry_id`, `entry_date`, `entry_type`, `amount`, `title`, `memo`, `category_id`, `payment_method_id`, `created_at`, `updated_at`) VALUES (4,'2026-03-04','E',62000,'장보기','이마트 주간 장보기',1,3,'2026-04-03 01:57:14','2026-04-03 01:57:14');
INSERT INTO `ledger_entry` (`entry_id`, `entry_date`, `entry_type`, `amount`, `title`, `memo`, `category_id`, `payment_method_id`, `created_at`, `updated_at`) VALUES (5,'2026-03-05','E',1250,'버스비',NULL,2,1,'2026-04-03 01:57:14','2026-04-03 01:57:14');
INSERT INTO `ledger_entry` (`entry_id`, `entry_date`, `entry_type`, `amount`, `title`, `memo`, `category_id`, `payment_method_id`, `created_at`, `updated_at`) VALUES (6,'2026-03-06','E',55000,'휴대폰 요금','3월 통신비',4,4,'2026-04-03 01:57:14','2026-04-03 01:57:14');
INSERT INTO `ledger_entry` (`entry_id`, `entry_date`, `entry_type`, `amount`, `title`, `memo`, `category_id`, `payment_method_id`, `created_at`, `updated_at`) VALUES (7,'2026-03-07','E',18700,'약국','감기약 구매',5,3,'2026-04-03 01:57:14','2026-04-03 01:57:14');
INSERT INTO `ledger_entry` (`entry_id`, `entry_date`, `entry_type`, `amount`, `title`, `memo`, `category_id`, `payment_method_id`, `created_at`, `updated_at`) VALUES (8,'2026-03-08','I',50000,'중고거래 판매',NULL,7,1,'2026-04-03 01:57:14','2026-04-03 01:57:14');
INSERT INTO `ledger_entry` (`entry_id`, `entry_date`, `entry_type`, `amount`, `title`, `memo`, `category_id`, `payment_method_id`, `created_at`, `updated_at`) VALUES (9,'2026-03-10','I',120000,'프리랜서 원고료','외주 작업 정산',7,4,'2026-04-03 01:57:14','2026-04-03 01:57:14');
INSERT INTO `ledger_entry` (`entry_id`, `entry_date`, `entry_type`, `amount`, `title`, `memo`, `category_id`, `payment_method_id`, `created_at`, `updated_at`) VALUES (10,'2026-03-12','I',20000,'생일 기프티콘 받음','친구에게 받은 커피 쿠폰',7,5,'2026-04-03 01:57:14','2026-04-03 01:57:14');
INSERT INTO `ledger_entry` (`entry_id`, `entry_date`, `entry_type`, `amount`, `title`, `memo`, `category_id`, `payment_method_id`, `created_at`, `updated_at`) VALUES (11,'2026-03-13','E',5900,'아이스 아메리카노',NULL,1,5,'2026-04-03 01:57:14','2026-04-03 01:57:14');
INSERT INTO `ledger_entry` (`entry_id`, `entry_date`, `entry_type`, `amount`, `title`, `memo`, `category_id`, `payment_method_id`, `created_at`, `updated_at`) VALUES (12,'2026-03-14','E',15000,'스타벅스 케이크','생일에 받은 기프티콘 사용',1,5,'2026-04-03 01:57:14','2026-04-03 01:57:14');
INSERT INTO `ledger_entry` (`entry_id`, `entry_date`, `entry_type`, `amount`, `title`, `memo`, `category_id`, `payment_method_id`, `created_at`, `updated_at`) VALUES (13,'2026-03-18','I',10000,'이벤트 기프티콘',NULL,7,5,'2026-04-03 01:57:14','2026-04-03 01:57:14');
INSERT INTO `ledger_entry` (`entry_id`, `entry_date`, `entry_type`, `amount`, `title`, `memo`, `category_id`, `payment_method_id`, `created_at`, `updated_at`) VALUES (14,'2026-03-20','E',32000,'세제랑 휴지','생활용품 보충',3,2,'2026-04-03 01:57:14','2026-04-03 01:57:14');
INSERT INTO `ledger_entry` (`entry_id`, `entry_date`, `entry_type`, `amount`, `title`, `memo`, `category_id`, `payment_method_id`, `created_at`, `updated_at`) VALUES (15,'2026-03-22','E',13500,'택시비','야근 후 귀가',2,3,'2026-04-03 01:57:14','2026-04-03 01:57:14');
INSERT INTO `ledger_entry` (`entry_id`, `entry_date`, `entry_type`, `amount`, `title`, `memo`, `category_id`, `payment_method_id`, `created_at`, `updated_at`) VALUES (16,'2026-03-25','E',850000,'월세','원룸 월세',4,4,'2026-04-03 01:57:14','2026-04-03 01:57:14');
INSERT INTO `ledger_entry` (`entry_id`, `entry_date`, `entry_type`, `amount`, `title`, `memo`, `category_id`, `payment_method_id`, `created_at`, `updated_at`) VALUES (17,'2026-03-02','E',7800,'아침 샌드위치',NULL,1,2,'2026-04-03 02:02:43','2026-04-03 02:02:43');
INSERT INTO `ledger_entry` (`entry_id`, `entry_date`, `entry_type`, `amount`, `title`, `memo`, `category_id`, `payment_method_id`, `created_at`, `updated_at`) VALUES (18,'2026-03-03','E',4200,'지하철 교통카드 충전','출퇴근용 충전',2,1,'2026-04-03 02:02:43','2026-04-03 02:02:43');
INSERT INTO `ledger_entry` (`entry_id`, `entry_date`, `entry_type`, `amount`, `title`, `memo`, `category_id`, `payment_method_id`, `created_at`, `updated_at`) VALUES (19,'2026-03-04','E',8900,'편의점 삼각김밥',NULL,1,2,'2026-04-03 02:02:43','2026-04-03 02:02:43');
INSERT INTO `ledger_entry` (`entry_id`, `entry_date`, `entry_type`, `amount`, `title`, `memo`, `category_id`, `payment_method_id`, `created_at`, `updated_at`) VALUES (20,'2026-03-06','E',24000,'세탁세제 리필',NULL,3,3,'2026-04-03 02:02:43','2026-04-03 02:02:43');
INSERT INTO `ledger_entry` (`entry_id`, `entry_date`, `entry_type`, `amount`, `title`, `memo`, `category_id`, `payment_method_id`, `created_at`, `updated_at`) VALUES (21,'2026-03-08','E',4300,'공항버스 환승비',NULL,2,1,'2026-04-03 02:02:43','2026-04-03 02:02:43');
INSERT INTO `ledger_entry` (`entry_id`, `entry_date`, `entry_type`, `amount`, `title`, `memo`, `category_id`, `payment_method_id`, `created_at`, `updated_at`) VALUES (22,'2026-03-09','E',12000,'닭가슴살 샐러드','점심식사',1,2,'2026-04-03 02:02:43','2026-04-03 02:02:43');
INSERT INTO `ledger_entry` (`entry_id`, `entry_date`, `entry_type`, `amount`, `title`, `memo`, `category_id`, `payment_method_id`, `created_at`, `updated_at`) VALUES (23,'2026-03-11','E',6700,'파스 구매',NULL,5,1,'2026-04-03 02:02:43','2026-04-03 02:02:43');
INSERT INTO `ledger_entry` (`entry_id`, `entry_date`, `entry_type`, `amount`, `title`, `memo`, `category_id`, `payment_method_id`, `created_at`, `updated_at`) VALUES (24,'2026-03-12','E',15800,'비빔국수 저녁',NULL,1,3,'2026-04-03 02:02:43','2026-04-03 02:02:43');
INSERT INTO `ledger_entry` (`entry_id`, `entry_date`, `entry_type`, `amount`, `title`, `memo`, `category_id`, `payment_method_id`, `created_at`, `updated_at`) VALUES (25,'2026-03-13','E',30000,'주방 수납용품','다이소와 마트 구매',3,2,'2026-04-03 02:02:43','2026-04-03 02:02:43');
INSERT INTO `ledger_entry` (`entry_id`, `entry_date`, `entry_type`, `amount`, `title`, `memo`, `category_id`, `payment_method_id`, `created_at`, `updated_at`) VALUES (26,'2026-03-15','E',18000,'심야 택시 귀가',NULL,2,3,'2026-04-03 02:02:43','2026-04-03 02:02:43');
INSERT INTO `ledger_entry` (`entry_id`, `entry_date`, `entry_type`, `amount`, `title`, `memo`, `category_id`, `payment_method_id`, `created_at`, `updated_at`) VALUES (27,'2026-03-16','E',9900,'김밥천국 저녁',NULL,1,1,'2026-04-03 02:02:43','2026-04-03 02:02:43');
INSERT INTO `ledger_entry` (`entry_id`, `entry_date`, `entry_type`, `amount`, `title`, `memo`, `category_id`, `payment_method_id`, `created_at`, `updated_at`) VALUES (28,'2026-03-17','E',41000,'집 인터넷 자동이체','3월 인터넷 비용',4,4,'2026-04-03 02:02:43','2026-04-03 02:02:43');
INSERT INTO `ledger_entry` (`entry_id`, `entry_date`, `entry_type`, `amount`, `title`, `memo`, `category_id`, `payment_method_id`, `created_at`, `updated_at`) VALUES (29,'2026-03-19','E',5200,'우산 구매',NULL,3,2,'2026-04-03 02:02:43','2026-04-03 02:02:43');
INSERT INTO `ledger_entry` (`entry_id`, `entry_date`, `entry_type`, `amount`, `title`, `memo`, `category_id`, `payment_method_id`, `created_at`, `updated_at`) VALUES (30,'2026-03-21','E',13400,'순대국 점심','주말 외식',1,3,'2026-04-03 02:02:43','2026-04-03 02:02:43');
INSERT INTO `ledger_entry` (`entry_id`, `entry_date`, `entry_type`, `amount`, `title`, `memo`, `category_id`, `payment_method_id`, `created_at`, `updated_at`) VALUES (31,'2026-03-23','E',9500,'내과 진료','감기 재진',5,4,'2026-04-03 02:02:43','2026-04-03 02:02:43');
INSERT INTO `ledger_entry` (`entry_id`, `entry_date`, `entry_type`, `amount`, `title`, `memo`, `category_id`, `payment_method_id`, `created_at`, `updated_at`) VALUES (32,'2026-03-24','E',2700,'마을버스 환승',NULL,2,1,'2026-04-03 02:02:43','2026-04-03 02:02:43');
INSERT INTO `ledger_entry` (`entry_id`, `entry_date`, `entry_type`, `amount`, `title`, `memo`, `category_id`, `payment_method_id`, `created_at`, `updated_at`) VALUES (33,'2026-03-26','E',22000,'휴지와 물티슈',NULL,3,2,'2026-04-03 02:02:43','2026-04-03 02:02:43');
INSERT INTO `ledger_entry` (`entry_id`, `entry_date`, `entry_type`, `amount`, `title`, `memo`, `category_id`, `payment_method_id`, `created_at`, `updated_at`) VALUES (34,'2026-03-27','E',11500,'제육덮밥 점심',NULL,1,2,'2026-04-03 02:02:43','2026-04-03 02:02:43');
INSERT INTO `ledger_entry` (`entry_id`, `entry_date`, `entry_type`, `amount`, `title`, `memo`, `category_id`, `payment_method_id`, `created_at`, `updated_at`) VALUES (35,'2026-03-28','E',4800,'지하철 2회 이용',NULL,2,1,'2026-04-03 02:02:43','2026-04-03 02:02:43');
INSERT INTO `ledger_entry` (`entry_id`, `entry_date`, `entry_type`, `amount`, `title`, `memo`, `category_id`, `payment_method_id`, `created_at`, `updated_at`) VALUES (36,'2026-03-29','E',7700,'KF94 마스크','드럭스토어 구매',5,3,'2026-04-03 02:02:43','2026-04-03 02:02:43');
INSERT INTO `ledger_entry` (`entry_id`, `entry_date`, `entry_type`, `amount`, `title`, `memo`, `category_id`, `payment_method_id`, `created_at`, `updated_at`) VALUES (37,'2026-03-02','E',4500,'오후 커피',NULL,1,2,'2026-04-03 02:04:25','2026-04-03 02:04:25');
INSERT INTO `ledger_entry` (`entry_id`, `entry_date`, `entry_type`, `amount`, `title`, `memo`, `category_id`, `payment_method_id`, `created_at`, `updated_at`) VALUES (38,'2026-03-03','E',6800,'편의점 도시락','야근 전 저녁',1,1,'2026-04-03 02:04:25','2026-04-03 02:04:25');
INSERT INTO `ledger_entry` (`entry_id`, `entry_date`, `entry_type`, `amount`, `title`, `memo`, `category_id`, `payment_method_id`, `created_at`, `updated_at`) VALUES (39,'2026-03-04','E',3900,'캔커피',NULL,1,2,'2026-04-03 02:04:25','2026-04-03 02:04:25');
INSERT INTO `ledger_entry` (`entry_id`, `entry_date`, `entry_type`, `amount`, `title`, `memo`, `category_id`, `payment_method_id`, `created_at`, `updated_at`) VALUES (40,'2026-03-06','E',8300,'약국 비타민',NULL,5,3,'2026-04-03 02:04:25','2026-04-03 02:04:25');
INSERT INTO `ledger_entry` (`entry_id`, `entry_date`, `entry_type`, `amount`, `title`, `memo`, `category_id`, `payment_method_id`, `created_at`, `updated_at`) VALUES (41,'2026-03-09','E',27000,'주말 반찬 장보기',NULL,1,3,'2026-04-03 02:04:25','2026-04-03 02:04:25');
INSERT INTO `ledger_entry` (`entry_id`, `entry_date`, `entry_type`, `amount`, `title`, `memo`, `category_id`, `payment_method_id`, `created_at`, `updated_at`) VALUES (42,'2026-03-13','E',5600,'버스 환승',NULL,2,1,'2026-04-03 02:04:25','2026-04-03 02:04:25');
INSERT INTO `ledger_entry` (`entry_id`, `entry_date`, `entry_type`, `amount`, `title`, `memo`, `category_id`, `payment_method_id`, `created_at`, `updated_at`) VALUES (43,'2026-03-17','E',12000,'편의점 생필품','칫솔과 치약 구매',3,2,'2026-04-03 02:04:25','2026-04-03 02:04:25');
INSERT INTO `ledger_entry` (`entry_id`, `entry_date`, `entry_type`, `amount`, `title`, `memo`, `category_id`, `payment_method_id`, `created_at`, `updated_at`) VALUES (44,'2026-03-21','E',9800,'분식 저녁',NULL,1,1,'2026-04-03 02:04:25','2026-04-03 02:04:25');
INSERT INTO `ledger_entry` (`entry_id`, `entry_date`, `entry_type`, `amount`, `title`, `memo`, `category_id`, `payment_method_id`, `created_at`, `updated_at`) VALUES (45,'2026-03-23','E',21000,'약국 영양제','소화제와 비타민',5,4,'2026-04-03 02:04:25','2026-04-03 02:04:25');
INSERT INTO `ledger_entry` (`entry_id`, `entry_date`, `entry_type`, `amount`, `title`, `memo`, `category_id`, `payment_method_id`, `created_at`, `updated_at`) VALUES (46,'2026-03-27','E',16000,'퇴근길 택시',NULL,2,3,'2026-04-03 02:04:25','2026-04-03 02:04:25');
INSERT INTO `ledger_entry` (`entry_id`, `entry_date`, `entry_type`, `amount`, `title`, `memo`, `category_id`, `payment_method_id`, `created_at`, `updated_at`) VALUES (47,'2026-03-28','E',8500,'베이글 아침식사',NULL,1,2,'2026-04-03 07:23:14','2026-04-03 07:23:14');
INSERT INTO `ledger_entry` (`entry_id`, `entry_date`, `entry_type`, `amount`, `title`, `memo`, `category_id`, `payment_method_id`, `created_at`, `updated_at`) VALUES (48,'2026-03-28','E',6300,'편의점 우유와 시리얼','아침 대용',3,1,'2026-04-03 07:23:14','2026-04-03 07:23:14');
INSERT INTO `ledger_entry` (`entry_id`, `entry_date`, `entry_type`, `amount`, `title`, `memo`, `category_id`, `payment_method_id`, `created_at`, `updated_at`) VALUES (49,'2026-03-28','E',14000,'점심 제육볶음','주말 외식',1,3,'2026-04-03 07:23:14','2026-04-03 07:23:14');
INSERT INTO `ledger_entry` (`entry_id`, `entry_date`, `entry_type`, `amount`, `title`, `memo`, `category_id`, `payment_method_id`, `created_at`, `updated_at`) VALUES (50,'2026-03-28','I',35000,'중고책 판매','당근 거래 정산',7,4,'2026-04-03 07:23:14','2026-04-03 07:23:14');
INSERT INTO `ledger_entry` (`entry_id`, `entry_date`, `entry_type`, `amount`, `title`, `memo`, `category_id`, `payment_method_id`, `created_at`, `updated_at`) VALUES (51,'2026-03-28','I',5000,'친구 정산금',NULL,7,1,'2026-04-03 07:23:14','2026-04-03 07:23:14');
INSERT INTO `ledger_entry` (`entry_id`, `entry_date`, `entry_type`, `amount`, `title`, `memo`, `category_id`, `payment_method_id`, `created_at`, `updated_at`) VALUES (101,'2026-01-01','I',2450000,'1월 급여','월급 입금',6,4,'2026-04-16 02:00:21','2026-04-16 02:04:12');
INSERT INTO `ledger_entry` (`entry_id`, `entry_date`, `entry_type`, `amount`, `title`, `memo`, `category_id`, `payment_method_id`, `created_at`, `updated_at`) VALUES (102,'2026-01-02','E',9200,'점심 순두부찌개','회사 근처 식당',1,2,'2026-04-16 02:00:21','2026-04-16 02:00:21');
INSERT INTO `ledger_entry` (`entry_id`, `entry_date`, `entry_type`, `amount`, `title`, `memo`, `category_id`, `payment_method_id`, `created_at`, `updated_at`) VALUES (103,'2026-01-03','E',4200,'지하철 교통카드 충전','출퇴근용 충전',2,1,'2026-04-16 02:00:21','2026-04-16 02:00:21');
INSERT INTO `ledger_entry` (`entry_id`, `entry_date`, `entry_type`, `amount`, `title`, `memo`, `category_id`, `payment_method_id`, `created_at`, `updated_at`) VALUES (104,'2026-01-04','E',58000,'장보기','이마트 주간 장보기',1,3,'2026-04-16 02:00:21','2026-04-16 02:00:21');
INSERT INTO `ledger_entry` (`entry_id`, `entry_date`, `entry_type`, `amount`, `title`, `memo`, `category_id`, `payment_method_id`, `created_at`, `updated_at`) VALUES (105,'2026-01-06','E',55000,'휴대폰 요금','1월 통신비',4,4,'2026-04-16 02:00:21','2026-04-16 02:00:21');
INSERT INTO `ledger_entry` (`entry_id`, `entry_date`, `entry_type`, `amount`, `title`, `memo`, `category_id`, `payment_method_id`, `created_at`, `updated_at`) VALUES (106,'2026-01-08','E',7900,'아침 샌드위치',NULL,1,2,'2026-04-16 02:00:21','2026-04-16 02:00:21');
INSERT INTO `ledger_entry` (`entry_id`, `entry_date`, `entry_type`, `amount`, `title`, `memo`, `category_id`, `payment_method_id`, `created_at`, `updated_at`) VALUES (107,'2026-01-10','E',23000,'세탁세제 리필',NULL,3,3,'2026-04-16 02:00:21','2026-04-16 02:00:21');
INSERT INTO `ledger_entry` (`entry_id`, `entry_date`, `entry_type`, `amount`, `title`, `memo`, `category_id`, `payment_method_id`, `created_at`, `updated_at`) VALUES (108,'2026-01-12','E',13500,'택시비','야근 후 귀가',2,3,'2026-04-16 02:00:21','2026-04-16 02:00:21');
INSERT INTO `ledger_entry` (`entry_id`, `entry_date`, `entry_type`, `amount`, `title`, `memo`, `category_id`, `payment_method_id`, `created_at`, `updated_at`) VALUES (109,'2026-01-14','E',11800,'제육덮밥 점심',NULL,1,2,'2026-04-16 02:00:21','2026-04-16 02:00:21');
INSERT INTO `ledger_entry` (`entry_id`, `entry_date`, `entry_type`, `amount`, `title`, `memo`, `category_id`, `payment_method_id`, `created_at`, `updated_at`) VALUES (110,'2026-01-17','E',41000,'집 인터넷 자동이체','1월 인터넷 비용',4,4,'2026-04-16 02:00:21','2026-04-16 02:00:21');
INSERT INTO `ledger_entry` (`entry_id`, `entry_date`, `entry_type`, `amount`, `title`, `memo`, `category_id`, `payment_method_id`, `created_at`, `updated_at`) VALUES (111,'2026-01-19','I',80000,'프리랜서 원고료','외주 작업 정산',7,4,'2026-04-16 02:00:21','2026-04-16 02:00:21');
INSERT INTO `ledger_entry` (`entry_id`, `entry_date`, `entry_type`, `amount`, `title`, `memo`, `category_id`, `payment_method_id`, `created_at`, `updated_at`) VALUES (112,'2026-01-21','E',31000,'주방 수납용품','다이소와 마트 구매',3,2,'2026-04-16 02:00:21','2026-04-16 02:00:21');
INSERT INTO `ledger_entry` (`entry_id`, `entry_date`, `entry_type`, `amount`, `title`, `memo`, `category_id`, `payment_method_id`, `created_at`, `updated_at`) VALUES (113,'2026-01-23','E',18700,'약국','감기약 구매',5,3,'2026-04-16 02:00:21','2026-04-16 02:00:21');
INSERT INTO `ledger_entry` (`entry_id`, `entry_date`, `entry_type`, `amount`, `title`, `memo`, `category_id`, `payment_method_id`, `created_at`, `updated_at`) VALUES (114,'2026-01-25','E',850000,'월세','원룸 월세',4,4,'2026-04-16 02:00:21','2026-04-16 02:00:21');
INSERT INTO `ledger_entry` (`entry_id`, `entry_date`, `entry_type`, `amount`, `title`, `memo`, `category_id`, `payment_method_id`, `created_at`, `updated_at`) VALUES (115,'2026-01-27','E',5900,'아이스 아메리카노',NULL,1,5,'2026-04-16 02:00:21','2026-04-16 02:00:21');
INSERT INTO `ledger_entry` (`entry_id`, `entry_date`, `entry_type`, `amount`, `title`, `memo`, `category_id`, `payment_method_id`, `created_at`, `updated_at`) VALUES (116,'2026-01-29','E',4800,'지하철 2회 이용',NULL,2,1,'2026-04-16 02:00:21','2026-04-16 02:00:21');
INSERT INTO `ledger_entry` (`entry_id`, `entry_date`, `entry_type`, `amount`, `title`, `memo`, `category_id`, `payment_method_id`, `created_at`, `updated_at`) VALUES (117,'2026-01-31','I',30000,'중고거래 판매','당근 거래 정산',7,1,'2026-04-16 02:00:21','2026-04-16 02:00:21');
INSERT INTO `ledger_entry` (`entry_id`, `entry_date`, `entry_type`, `amount`, `title`, `memo`, `category_id`, `payment_method_id`, `created_at`, `updated_at`) VALUES (118,'2026-02-01','I',2450000,'2월 급여','월급 입금',6,4,'2026-04-16 02:00:21','2026-04-16 02:04:12');
INSERT INTO `ledger_entry` (`entry_id`, `entry_date`, `entry_type`, `amount`, `title`, `memo`, `category_id`, `payment_method_id`, `created_at`, `updated_at`) VALUES (119,'2026-02-02','E',9800,'점심 김치찌개','회사 근처 식당',1,2,'2026-04-16 02:00:21','2026-04-16 02:00:21');
INSERT INTO `ledger_entry` (`entry_id`, `entry_date`, `entry_type`, `amount`, `title`, `memo`, `category_id`, `payment_method_id`, `created_at`, `updated_at`) VALUES (120,'2026-02-03','E',1250,'버스비',NULL,2,1,'2026-04-16 02:00:21','2026-04-16 02:00:21');
INSERT INTO `ledger_entry` (`entry_id`, `entry_date`, `entry_type`, `amount`, `title`, `memo`, `category_id`, `payment_method_id`, `created_at`, `updated_at`) VALUES (121,'2026-02-04','E',61000,'장보기','이마트 주간 장보기',1,3,'2026-04-16 02:00:21','2026-04-16 02:00:21');
INSERT INTO `ledger_entry` (`entry_id`, `entry_date`, `entry_type`, `amount`, `title`, `memo`, `category_id`, `payment_method_id`, `created_at`, `updated_at`) VALUES (122,'2026-02-06','E',55000,'휴대폰 요금','2월 통신비',4,4,'2026-04-16 02:00:21','2026-04-16 02:00:21');
INSERT INTO `ledger_entry` (`entry_id`, `entry_date`, `entry_type`, `amount`, `title`, `memo`, `category_id`, `payment_method_id`, `created_at`, `updated_at`) VALUES (123,'2026-02-08','I',50000,'중고거래 판매',NULL,7,1,'2026-04-16 02:00:21','2026-04-16 02:00:21');
INSERT INTO `ledger_entry` (`entry_id`, `entry_date`, `entry_type`, `amount`, `title`, `memo`, `category_id`, `payment_method_id`, `created_at`, `updated_at`) VALUES (124,'2026-02-09','E',12000,'닭가슴살 샐러드','점심식사',1,2,'2026-04-16 02:00:21','2026-04-16 02:00:21');
INSERT INTO `ledger_entry` (`entry_id`, `entry_date`, `entry_type`, `amount`, `title`, `memo`, `category_id`, `payment_method_id`, `created_at`, `updated_at`) VALUES (125,'2026-02-11','E',6700,'파스 구매',NULL,5,1,'2026-04-16 02:00:21','2026-04-16 02:00:21');
INSERT INTO `ledger_entry` (`entry_id`, `entry_date`, `entry_type`, `amount`, `title`, `memo`, `category_id`, `payment_method_id`, `created_at`, `updated_at`) VALUES (126,'2026-02-13','E',30000,'생활용품 보충','세제랑 휴지',3,2,'2026-04-16 02:00:21','2026-04-16 02:00:21');
INSERT INTO `ledger_entry` (`entry_id`, `entry_date`, `entry_type`, `amount`, `title`, `memo`, `category_id`, `payment_method_id`, `created_at`, `updated_at`) VALUES (127,'2026-02-14','E',15000,'스타벅스 케이크','기프티콘 사용',1,5,'2026-04-16 02:00:21','2026-04-16 02:00:21');
INSERT INTO `ledger_entry` (`entry_id`, `entry_date`, `entry_type`, `amount`, `title`, `memo`, `category_id`, `payment_method_id`, `created_at`, `updated_at`) VALUES (128,'2026-02-17','E',41000,'집 인터넷 자동이체','2월 인터넷 비용',4,4,'2026-04-16 02:00:21','2026-04-16 02:00:21');
INSERT INTO `ledger_entry` (`entry_id`, `entry_date`, `entry_type`, `amount`, `title`, `memo`, `category_id`, `payment_method_id`, `created_at`, `updated_at`) VALUES (129,'2026-02-19','E',5200,'우산 구매',NULL,3,2,'2026-04-16 02:00:21','2026-04-16 02:00:21');
INSERT INTO `ledger_entry` (`entry_id`, `entry_date`, `entry_type`, `amount`, `title`, `memo`, `category_id`, `payment_method_id`, `created_at`, `updated_at`) VALUES (130,'2026-02-21','E',13400,'순대국 점심','주말 외식',1,3,'2026-04-16 02:00:21','2026-04-16 02:00:21');
INSERT INTO `ledger_entry` (`entry_id`, `entry_date`, `entry_type`, `amount`, `title`, `memo`, `category_id`, `payment_method_id`, `created_at`, `updated_at`) VALUES (131,'2026-02-23','E',21000,'약국 영양제','소화제와 비타민',5,4,'2026-04-16 02:00:21','2026-04-16 02:00:21');
INSERT INTO `ledger_entry` (`entry_id`, `entry_date`, `entry_type`, `amount`, `title`, `memo`, `category_id`, `payment_method_id`, `created_at`, `updated_at`) VALUES (132,'2026-02-25','E',850000,'월세','원룸 월세',4,4,'2026-04-16 02:00:21','2026-04-16 02:00:21');
INSERT INTO `ledger_entry` (`entry_id`, `entry_date`, `entry_type`, `amount`, `title`, `memo`, `category_id`, `payment_method_id`, `created_at`, `updated_at`) VALUES (133,'2026-02-27','E',16000,'퇴근길 택시',NULL,2,3,'2026-04-16 02:00:21','2026-04-16 02:00:21');
INSERT INTO `ledger_entry` (`entry_id`, `entry_date`, `entry_type`, `amount`, `title`, `memo`, `category_id`, `payment_method_id`, `created_at`, `updated_at`) VALUES (134,'2026-02-28','I',35000,'중고책 판매','당근 거래 정산',7,4,'2026-04-16 02:00:21','2026-04-16 02:00:21');
INSERT INTO `ledger_entry` (`entry_id`, `entry_date`, `entry_type`, `amount`, `title`, `memo`, `category_id`, `payment_method_id`, `created_at`, `updated_at`) VALUES (135,'2026-04-01','I',2450000,'4월 급여','월급 입금',6,4,'2026-04-16 02:00:21','2026-04-16 02:04:12');
INSERT INTO `ledger_entry` (`entry_id`, `entry_date`, `entry_type`, `amount`, `title`, `memo`, `category_id`, `payment_method_id`, `created_at`, `updated_at`) VALUES (136,'2026-04-02','E',9800,'점심 김치찌개','회사 근처 식당',1,2,'2026-04-16 02:00:21','2026-04-16 02:00:21');
INSERT INTO `ledger_entry` (`entry_id`, `entry_date`, `entry_type`, `amount`, `title`, `memo`, `category_id`, `payment_method_id`, `created_at`, `updated_at`) VALUES (137,'2026-04-03','E',4200,'지하철 교통카드 충전','출퇴근용 충전',2,1,'2026-04-16 02:00:21','2026-04-16 02:00:21');
INSERT INTO `ledger_entry` (`entry_id`, `entry_date`, `entry_type`, `amount`, `title`, `memo`, `category_id`, `payment_method_id`, `created_at`, `updated_at`) VALUES (138,'2026-04-04','E',65000,'장보기','이마트 주간 장보기',1,3,'2026-04-16 02:00:21','2026-04-16 02:00:21');
INSERT INTO `ledger_entry` (`entry_id`, `entry_date`, `entry_type`, `amount`, `title`, `memo`, `category_id`, `payment_method_id`, `created_at`, `updated_at`) VALUES (139,'2026-04-06','E',55000,'휴대폰 요금','4월 통신비',4,4,'2026-04-16 02:00:21','2026-04-16 02:00:21');
INSERT INTO `ledger_entry` (`entry_id`, `entry_date`, `entry_type`, `amount`, `title`, `memo`, `category_id`, `payment_method_id`, `created_at`, `updated_at`) VALUES (140,'2026-04-07','E',7800,'아침 샌드위치',NULL,1,2,'2026-04-16 02:00:21','2026-04-16 02:00:21');
INSERT INTO `ledger_entry` (`entry_id`, `entry_date`, `entry_type`, `amount`, `title`, `memo`, `category_id`, `payment_method_id`, `created_at`, `updated_at`) VALUES (141,'2026-04-08','E',24000,'세탁세제 리필',NULL,3,3,'2026-04-16 02:00:21','2026-04-16 02:00:21');
INSERT INTO `ledger_entry` (`entry_id`, `entry_date`, `entry_type`, `amount`, `title`, `memo`, `category_id`, `payment_method_id`, `created_at`, `updated_at`) VALUES (142,'2026-04-09','I',120000,'프리랜서 원고료','외주 작업 정산',7,4,'2026-04-16 02:00:21','2026-04-16 02:00:21');
INSERT INTO `ledger_entry` (`entry_id`, `entry_date`, `entry_type`, `amount`, `title`, `memo`, `category_id`, `payment_method_id`, `created_at`, `updated_at`) VALUES (143,'2026-04-10','E',15800,'비빔국수 저녁',NULL,1,3,'2026-04-16 02:00:21','2026-04-16 02:00:21');
INSERT INTO `ledger_entry` (`entry_id`, `entry_date`, `entry_type`, `amount`, `title`, `memo`, `category_id`, `payment_method_id`, `created_at`, `updated_at`) VALUES (144,'2026-04-11','E',4300,'공항버스 환승비',NULL,2,1,'2026-04-16 02:00:21','2026-04-16 02:00:21');
INSERT INTO `ledger_entry` (`entry_id`, `entry_date`, `entry_type`, `amount`, `title`, `memo`, `category_id`, `payment_method_id`, `created_at`, `updated_at`) VALUES (145,'2026-04-12','E',27000,'주말 반찬 장보기',NULL,1,3,'2026-04-16 02:00:21','2026-04-16 02:00:21');
INSERT INTO `ledger_entry` (`entry_id`, `entry_date`, `entry_type`, `amount`, `title`, `memo`, `category_id`, `payment_method_id`, `created_at`, `updated_at`) VALUES (146,'2026-04-13','E',5900,'아이스 아메리카노',NULL,1,5,'2026-04-16 02:00:21','2026-04-16 02:00:21');
INSERT INTO `ledger_entry` (`entry_id`, `entry_date`, `entry_type`, `amount`, `title`, `memo`, `category_id`, `payment_method_id`, `created_at`, `updated_at`) VALUES (147,'2026-04-14','E',12000,'편의점 생필품','칫솔과 치약 구매',3,2,'2026-04-16 02:00:21','2026-04-16 02:00:21');
INSERT INTO `ledger_entry` (`entry_id`, `entry_date`, `entry_type`, `amount`, `title`, `memo`, `category_id`, `payment_method_id`, `created_at`, `updated_at`) VALUES (148,'2026-04-15','E',18000,'심야 택시 귀가',NULL,2,3,'2026-04-16 02:00:21','2026-04-16 02:00:21');
INSERT INTO `ledger_entry` (`entry_id`, `entry_date`, `entry_type`, `amount`, `title`, `memo`, `category_id`, `payment_method_id`, `created_at`, `updated_at`) VALUES (149,'2026-04-16','E',9500,'내과 진료','감기 진료',5,4,'2026-04-16 02:00:21','2026-04-16 02:00:21');
/*!40000 ALTER TABLE `ledger_entry` ENABLE KEYS */;
UNLOCK TABLES;
/*!40103 SET TIME_ZONE=@OLD_TIME_ZONE */;

/*!40101 SET SQL_MODE=@OLD_SQL_MODE */;
/*!40014 SET FOREIGN_KEY_CHECKS=@OLD_FOREIGN_KEY_CHECKS */;
/*!40014 SET UNIQUE_CHECKS=@OLD_UNIQUE_CHECKS */;
/*!40101 SET CHARACTER_SET_CLIENT=@OLD_CHARACTER_SET_CLIENT */;
/*!40101 SET CHARACTER_SET_RESULTS=@OLD_CHARACTER_SET_RESULTS */;
/*!40101 SET COLLATION_CONNECTION=@OLD_COLLATION_CONNECTION */;
/*!40111 SET SQL_NOTES=@OLD_SQL_NOTES */;

